region,ssf_emp,ssf_emp_inland,ssf_emp_marine,n
Africa,8.96042132,7.6019453200000005,6.307121319999999,53
Americas,3.600147809999999,2.2409798100000002,3.0729778100000003,33
Asia,46.132988329999975,36.33556233000001,34.884656330000006,49
Europe,0.9783831700000001,0.80750317,0.9201241700000001,40
Oceania,0.5287884400000001,0.35170043999999995,0.41753244,12
