region,ssf_employment_w,ssf_harvest_marine_w,ssf_harvest_inland_w,n
Africa,2.646206450000001,0.20943049000000002,0.29842645000000007,53
Americas,1.179244297,0.27610513,0.07748615999999998,33
Asia,16.516122466999995,1.6860253089999997,2.5256501480000004,49
Europe,0.357639004,0.013995079,0.004771405,40
Oceania,0.16024991000000002,0.023176840000000004,0.026350989999999998,12
