region,total_catch
Africa,9.3271539
Americas,17.469589
Asia,49.9700381
Europe,14.016791300000001
Oceania,1.3522216
NA,0
