region,ssf_employment_w,ssf_harvest_marine_w,ssf_harvest_inland_w,n
Africa,2.64620645,0.20943049,0.29842645,53
Americas,1.1792442969999999,0.27610513,0.07748616,33
Asia,16.516122467,1.6860253090000001,2.525650148,49
Europe,0.357639004,0.013995078999999999,0.004771405,40
Oceania,0.16024991,0.02317684,0.02635099,12
