metric,global_ssf_contribution
portions,0.42627236371921656
employment,0.8916924654557015
women_employment,0.8976800531879582
livelihood,0.9533621857277748
catch,0.4026271813603187
